[{"key": "uicustomizer", "name": "UI Customizer", "url": "https://github.com/LazeMSS/OctoPrint-UICustomizer"}, {"key": "toptemp", "name": "Top Temp", "url": "https://github.com/LazeMSS/OctoPrint-TopTemp"}, {"key": "thespaghettidetective", "name": "Access Anywhere - The Spaghetti Detective", "url": "https://thespaghettidetective.com"}, {"key": "UltimakerFormatPackage", "name": "Cura Thumbnails", "url": "https://github.com/jneilliii/OctoPrint-UltimakerFormatPackage"}, {"key": "PrintTimeGenius", "name": "PrintTimeGenius Plugin", "url": "https://github.com/eyal0/OctoPrint-PrintTimeGenius"}, {"key": "filemanager", "name": "FileManager", "url": "https://github.com/Salandora/OctoPrint-FileManager"}, {"key": "filamentmanager", "name": "Filament Manager", "url": "https://github.com/OllisGit/OctoPrint-FilamentManager"}, {"key": "m73progress", "name": "M73 Progress Plugin", "url": "https://github.com/cesarvandevelde/OctoPrint-M73Progress"}, {"key": "octolapse", "name": "Octolapse", "url": "https://github.com/FormerLurker/Octolapse"}]